CRASH_DATE,CRASH_TIME,BOROUGH,ZIP_CODE,LATITUDE,LONGITUDE,ON_STREET_NAME,CROSS_STREET_NAME,OFF_STREET_NAME,NUMBER_OF_PERSONS_INJURED,NUMBER_OF_PERSONS_KILLED,CONTRIBUTING_FACTOR_VEHICLE_1,CONTRIBUTING_FACTOR_VEHICLE_2,CONTRIBUTING_FACTOR_VEHICLE_3,CONTRIBUTING_FACTOR_VEHICLE_4,CONTRIBUTING_FACTOR_VEHICLE_5,VEHICLE_TYPE_CODE_1,VEHICLE_TYPE_CODE_2,VEHICLE_TYPE_CODE_3,VEHICLE_TYPE_CODE_4,VEHICLE_TYPE_CODE_5
03/07/2024,15:20,QUEENS,11432,40.719563,-73.79983,,,82-10     167 STREET,0.0,0.0,Backing Unsafely,Unspecified,,,,Station Wagon/Sport Utility Vehicle,Sedan,,,
03/06/2024,1:50,QUEENS,11103,40.765026,-73.91273,,,41-11     28 AVENUE,1.0,0.0,Passing or Lane Usage Improper,Unspecified,,,,Station Wagon/Sport Utility Vehicle,Sedan,,,
03/08/2024,18:12,QUEENS,11358,40.76926,-73.801834,32 AVENUE,163 STREET,,1.0,0.0,Failure to Yield Right-of-Way,,,,,Sedan,,,,
03/04/2024,5:47,QUEENS,11377,40.753902,-73.90122,NORTHERN BOULEVARD,61 STREET,,0.0,0.0,Traffic Control Disregarded,Unspecified,,,,Taxi,,,,
03/08/2024,13:30,BROOKLYN,11216,40.680073,-73.95438,BREVOORT PLACE,BEDFORD PLACE,,0.0,0.0,Backing Unsafely,Unspecified,,,,Sedan,Sedan,,,
03/06/2024,12:28,MANHATTAN,10012,40.728065,-73.99896,BLEECKER STREET,LAGUARDIA PLACE,,1.0,0.0,Traffic Control Disregarded,Unspecified,,,,Sedan,Motorcycle,,,
02/14/2024,19:00,BROOKLYN,11229,40.594852,-73.95566,GRAVESEND NECK ROAD,EAST 15 STREET,,1.0,0.0,Aggressive Driving/Road Rage,,,,,Motorcycle,,,,
02/09/2024,18:42,BRONX,10460,40.843826,-73.887924,EAST TREMONT AVENUE,MAPES AVENUE,,0.0,0.0,View Obstructed/Limited,Pedestrian/Bicyclist/Other Pedestrian Error/Confusion,,,,Station Wagon/Sport Utility Vehicle,Bike,,,
02/25/2024,13:58,BROOKLYN,11226,40.64513,-73.948975,NOSTRAND AVENUE,BEVERLEY ROAD,,0.0,1.0,Failure to Yield Right-of-Way,,,,,Station Wagon/Sport Utility Vehicle,,,,
02/27/2024,14:35,BRONX,10457,40.845966,-73.89224,EAST TREMONT AVENUE,HUGHES AVENUE,,0.0,0.0,Failure to Yield Right-of-Way,,,,,Moped,,,,
02/28/2024,16:29,BROOKLYN,11203,40.653805,-73.93061,LINDEN BOULEVARD,UTICA AVENUE,,1.0,0.0,Driver Inattention/Distraction,,,,,Taxi,,,,
03/06/2024,15:39,BRONX,10470,40.89608,-73.86692,EAST 233 STREET,KATONAH AVENUE,,1.0,0.0,Driver Inattention/Distraction,Unspecified,,,,Sedan,Bus,,,
03/06/2024,20:10,MANHATTAN,10021,40.768177,-73.95692,,,340       EAST 72 STREET,1.0,0.0,Driver Inattention/Distraction,Driver Inattention/Distraction,,,,Station Wagon/Sport Utility Vehicle,Bike,,,
03/02/2024,17:00,BROOKLYN,11211,40.718533,-73.95482,,,485       DRIGGS AVENUE,0.0,0.0,Passenger Distraction,Unspecified,,,,Station Wagon/Sport Utility Vehicle,Motorcycle,,,
03/07/2024,0:00,BROOKLYN,11219,40.633224,-73.995186,NEW UTRECHT AVENUE,53 STREET,,1.0,0.0,Driver Inattention/Distraction,,,,,E scooter,,,,
03/06/2024,22:48,QUEENS,11102,40.770306,-73.91901,30 STREET,ASTORIA BOULEVARD,,1.0,0.0,Driver Inattention/Distraction,Unspecified,,,,Sedan,Sedan,,,
03/06/2024,13:00,BROOKLYN,11234,40.617924,-73.93174,FLATBUSH AVENUE,QUENTIN ROAD,,1.0,0.0,Following Too Closely,Unspecified,Unspecified,,,Sedan,Sedan,Sedan,,
02/28/2024,20:47,MANHATTAN,10019,40.761658,-73.986565,WEST 49 STREET,8 AVENUE,,0.0,0.0,Driver Inattention/Distraction,Unspecified,,,,Sedan,Box Truck,,,
03/06/2024,16:45,QUEENS,11433,40.695995,-73.782776,110 AVENUE,MERRICK BOULEVARD,,1.0,0.0,Failure to Yield Right-of-Way,,,,,Station Wagon/Sport Utility Vehicle,,,,
03/07/2024,0:00,BROOKLYN,11211,40.714058,-73.95078,,,542       METROPOLITAN AVENUE,0.0,0.0,Other Vehicular,,,,,Station Wagon/Sport Utility Vehicle,,,,
03/07/2024,13:45,QUEENS,11355,40.74316,-73.82556,60 AVENUE,MAIN STREET,,1.0,0.0,Failure to Yield Right-of-Way,,,,,Station Wagon/Sport Utility Vehicle,,,,
03/06/2024,6:10,BROOKLYN,11233,40.67229,-73.913124,EASTERN PARKWAY,PROSPECT PLACE,,0.0,0.0,Turning Improperly,Unspecified,,,,Sedan,Pick-up Truck,,,
03/08/2024,21:10,QUEENS,11369,40.759624,-73.85817,112 STREET,ASTORIA BOULEVARD,,4.0,0.0,Driver Inattention/Distraction,Unspecified,,,,Sedan,Station Wagon/Sport Utility Vehicle,,,
03/06/2024,16:54,QUEENS,11106,40.762074,-73.91869,37 STREET,31 AVENUE,,0.0,0.0,Failure to Yield Right-of-Way,Unspecified,,,,Moped,Station Wagon/Sport Utility Vehicle,,,
03/07/2024,22:45,QUEENS,11417,40.681744,-73.83764,,,103-09    LIBERTY AVENUE,0.0,0.0,Driver Inattention/Distraction,Unspecified,,,,Station Wagon/Sport Utility Vehicle,E-Scooter,,,
03/07/2024,8:00,QUEENS,11429,40.711834,-73.73298,,,221-36    103 AVENUE,0.0,0.0,Oversized Vehicle,Unspecified,,,,Station Wagon/Sport Utility Vehicle,,,,
03/03/2024,23:18,MANHATTAN,10022,40.76025,-73.96753,EAST 57 STREET,3 AVENUE,,1.0,0.0,Driver Inattention/Distraction,Unspecified,,,,Sedan,Moped,,,
03/07/2024,14:08,BRONX,10452,40.83898,-73.9186,MARCY PLACE,JEROME AVENUE,,1.0,0.0,View Obstructed/Limited,Driver Inattention/Distraction,,,,Station Wagon/Sport Utility Vehicle,E-Bike,,,
03/05/2024,23:39,QUEENS,11420,40.679043,-73.81243,,,127-04    115 AVENUE,0.0,0.0,Unsafe Speed,Unspecified,Unspecified,,,Station Wagon/Sport Utility Vehicle,Station Wagon/Sport Utility Vehicle,Station Wagon/Sport Utility Vehicle,,
03/07/2024,9:10,BROOKLYN,11226,40.65548,-73.94926,,,311       CLARKSON AVENUE,0.0,0.0,Driver Inattention/Distraction,Unspecified,,,,Pick-up Truck,Sedan,,,
03/08/2024,21:31,STATEN ISLAND,10304,40.60603,-74.08663,CLOVE ROAD,NECKAR AVENUE,,0.0,0.0,Alcohol Involvement,Unspecified,,,,Station Wagon/Sport Utility Vehicle,BACKHOE,,,
03/06/2024,9:00,MANHATTAN,10002,40.72017,-73.98357,,,145       ATTORNEY STREET,0.0,0.0,Passing Too Closely,Unspecified,,,,Sedan,,,,
03/05/2024,16:53,BROOKLYN,11204,40.61182,-73.97809,,,2339      65 STREET,1.0,0.0,Other Vehicular,,,,,Station Wagon/Sport Utility Vehicle,,,,
03/08/2024,8:58,QUEENS,11693,40.5867,-73.81704,BEACH 94 STREET,ROCKAWAY FREEWAY,,2.0,0.0,Traffic Control Disregarded,Traffic Control Disregarded,,,,Sedan,Sedan,,,
03/08/2024,13:48,MANHATTAN,10025,40.794132,-73.97059,,,200       WEST 96 STREET,0.0,0.0,Driver Inattention/Distraction,,,,,Sedan,,,,
03/07/2024,0:00,STATEN ISLAND,10314,40.621017,-74.13181,JEWETT AVENUE,COLLEGE AVENUE,,1.0,0.0,Other Vehicular,,,,,Station Wagon/Sport Utility Vehicle,,,,
03/06/2024,19:06,BROOKLYN,11203,40.65416,-73.92483,EAST 56 STREET,LINDEN BOULEVARD,,1.0,0.0,Driver Inattention/Distraction,Backing Unsafely,,,,Station Wagon/Sport Utility Vehicle,Station Wagon/Sport Utility Vehicle,,,
03/06/2024,0:00,MANHATTAN,10030,40.817116,-73.94801,WEST 135 STREET,SAINT NICHOLAS AVENUE,,1.0,0.0,Driver Inattention/Distraction,,,,,Sedan,,,,
03/08/2024,17:35,MANHATTAN,10023,40.774944,-73.988045,,,103       WEST END AVENUE,1.0,0.0,Failure to Yield Right-of-Way,,,,,Moped,,,,
03/06/2024,13:21,BROOKLYN,11231,40.67601,-73.99966,,,168       HUNTINGTON STREET,0.0,0.0,Driver Inattention/Distraction,Unspecified,Unspecified,,,Flat Bed,Station Wagon/Sport Utility Vehicle,Sedan,,
03/06/2024,18:26,BRONX,10457,40.843525,-73.89667,FULTON AVENUE,CROSS BRONX EXPRESSWAY,,1.0,0.0,Failure to Yield Right-of-Way,Unspecified,,,,Sedan,Station Wagon/Sport Utility Vehicle,,,
03/01/2024,20:40,BROOKLYN,11206,40.701378,-73.939125,,,835       FLUSHING AVENUE,1.0,0.0,Driver Inattention/Distraction,Unspecified,,,,E-Bike,Station Wagon/Sport Utility Vehicle,,,
03/06/2024,10:32,MANHATTAN,10016,40.74668,-73.9745,EAST 37 STREET,2 AVENUE,,0.0,0.0,Driver Inattention/Distraction,Unspecified,,,,Sedan,Flat Bed,,,
03/04/2024,10:20,BROOKLYN,11209,40.619404,-74.03923,,,26        OLIVER STREET,0.0,0.0,Backing Unsafely,Unspecified,,,,Station Wagon/Sport Utility Vehicle,Station Wagon/Sport Utility Vehicle,,,
03/08/2024,1:32,BRONX,10472,40.828907,-73.86569,,,1153      BEACH AVENUE,0.0,0.0,Fatigued/Drowsy,Unspecified,Unspecified,,,Station Wagon/Sport Utility Vehicle,Station Wagon/Sport Utility Vehicle,Station Wagon/Sport Utility Vehicle,,
03/06/2024,11:27,BROOKLYN,11208,40.670124,-73.8582,LINDEN BOULEVARD,AMBER STREET,,0.0,0.0,Driver Inattention/Distraction,Unspecified,,,,Station Wagon/Sport Utility Vehicle,Sedan,,,
03/05/2024,16:07,MANHATTAN,10016,40.74668,-73.9745,EAST 37 STREET,2 AVENUE,,1.0,0.0,Driver Inattention/Distraction,Unspecified,,,,Bike,Taxi,,,
03/07/2024,5:20,BROOKLYN,11212,40.65531,-73.90318,LINDEN BOULEVARD,MOTHER GASTON BOULEVARD,,0.0,0.0,Reaction to Uninvolved Vehicle,Unspecified,,,,Dump,Station Wagon/Sport Utility Vehicle,,,
03/07/2024,7:45,QUEENS,11426,40.72341,-73.72733,JAMAICA AVENUE,240 STREET,,1.0,0.0,Driver Inattention/Distraction,Unspecified,,,,Station Wagon/Sport Utility Vehicle,Sedan,,,
03/07/2024,20:27,BROOKLYN,11234,40.59651,-73.90788,FLATBUSH AVENUE,SHORE PARKWAY,,0.0,0.0,Driver Inattention/Distraction,Unspecified,,,,Station Wagon/Sport Utility Vehicle,Sedan,,,
03/01/2024,9:08,BROOKLYN,11234,40.619484,-73.918274,AVENUE N,EAST 59 STREET,,1.0,0.0,Driver Inattention/Distraction,Driver Inattention/Distraction,,,,Sedan,E-Bike,,,
03/07/2024,16:05,BRONX,10457,40.854332,-73.90053,,,238       EAST 181 STREET,0.0,0.0,Other Vehicular,Reaction to Uninvolved Vehicle,,,,Station Wagon/Sport Utility Vehicle,Bus,,,
03/08/2024,23:10,BROOKLYN,11204,40.619156,-73.99388,67 STREET,17 AVENUE,,1.0,0.0,Steering Failure,Unspecified,,,,Convertible,Station Wagon/Sport Utility Vehicle,,,
03/08/2024,9:12,BROOKLYN,11223,40.595413,-73.983055,86 STREET,WEST 12 STREET,,0.0,0.0,Failure to Yield Right-of-Way,Unspecified,,,,Bus,Station Wagon/Sport Utility Vehicle,,,
03/08/2024,23:33,BRONX,10465,40.82203,-73.826904,,,560       BALCOM AVENUE,0.0,0.0,Unsafe Speed,,,,,Station Wagon/Sport Utility Vehicle,,,,
03/06/2024,16:10,BROOKLYN,11214,40.604767,-74.00763,BAY 16 STREET,BATH AVENUE,,0.0,0.0,Unsafe Speed,Unspecified,,,,Station Wagon/Sport Utility Vehicle,Station Wagon/Sport Utility Vehicle,,,
03/06/2024,8:30,MANHATTAN,10010,40.73817,-73.97761,EAST 25 STREET,1 AVENUE,,0.0,0.0,Traffic Control Disregarded,Unspecified,,,,Sedan,Bike,,,
02/29/2024,10:30,STATEN ISLAND,10314,40.612694,-74.122406,,,605       MANOR ROAD,0.0,0.0,Passing or Lane Usage Improper,Unspecified,,,,Pick-up Truck,Box Truck,,,
03/06/2024,19:29,QUEENS,11358,40.763496,-73.80734,NORTHERN BOULEVARD,158 STREET,,1.0,0.0,Failure to Yield Right-of-Way,,,,,Station Wagon/Sport Utility Vehicle,,,,
03/06/2024,19:30,QUEENS,11420,40.66612,-73.82225,NORTH CONDUIT AVENUE,LEFFERTS BOULEVARD,,0.0,0.0,Turning Improperly,Unspecified,,,,Station Wagon/Sport Utility Vehicle,Station Wagon/Sport Utility Vehicle,,,
03/06/2024,12:20,BROOKLYN,11215,40.673485,-73.97296,8 AVENUE,UNION STREET,,0.0,0.0,Driver Inattention/Distraction,Unspecified,,,,Sedan,Pick-up Truck,,,
03/07/2024,11:09,BROOKLYN,11223,40.59558,-73.96102,,,2508      CONEY ISLAND AVENUE,1.0,0.0,Driver Inattention/Distraction,Unspecified,,,,Station Wagon/Sport Utility Vehicle,Station Wagon/Sport Utility Vehicle,,,
03/08/2024,16:58,BROOKLYN,11206,40.703373,-73.93764,BUSHWICK AVENUE,VARET STREET,,0.0,0.0,Other Vehicular,,,,,Sedan,,,,
03/06/2024,16:30,QUEENS,11369,40.760612,-73.86514,,,31-31     104 STREET,1.0,0.0,Backing Unsafely,,,,,Station Wagon/Sport Utility Vehicle,,,,
03/07/2024,15:34,BRONX,10461,40.85444,-73.842064,SEMINOLE STREET,STILLWELL AVENUE,,0.0,0.0,View Obstructed/Limited,Traffic Control Disregarded,,,,Station Wagon/Sport Utility Vehicle,Sedan,,,
03/08/2024,7:50,BROOKLYN,11212,40.658966,-73.9191,EAST 96 STREET,LENOX ROAD,,1.0,0.0,Failure to Yield Right-of-Way,Unspecified,,,,Sedan,Sedan,,,
03/08/2024,15:55,BRONX,10457,40.846657,-73.89619,3 AVENUE,EAST TREMONT AVENUE,,1.0,0.0,Following Too Closely,Unspecified,,,,Sedan,Bus,,,
03/06/2024,19:15,BROOKLYN,11211,40.703636,-73.95762,HEWES STREET,LEE AVENUE,,0.0,0.0,Following Too Closely,Unspecified,,,,Sedan,Station Wagon/Sport Utility Vehicle,,,
03/02/2024,0:20,BROOKLYN,11213,40.67533,-73.93609,TROY AVENUE,BERGEN STREET,,1.0,0.0,Failure to Yield Right-of-Way,,,,,Station Wagon/Sport Utility Vehicle,,,,
03/02/2024,16:40,MANHATTAN,10022,40.76155,-73.96659,EAST 59 STREET,3 AVENUE,,0.0,0.0,Driver Inattention/Distraction,Unspecified,,,,Sedan,Taxi,,,
03/06/2024,18:28,BROOKLYN,11212,40.668976,-73.90668,STONE AVENUE,BELMONT AVENUE,,1.0,0.0,Failure to Yield Right-of-Way,,,,,Sedan,,,,
03/08/2024,11:45,MANHATTAN,10016,40.74036,-73.97318,FDR DRIVE,EAST 30 STREET,,0.0,0.0,Following Too Closely,Unspecified,,,,Sedan,Sedan,,,
03/07/2024,18:45,BROOKLYN,11211,40.7206,-73.95476,NORTH 12 STREET,BEDFORD AVENUE,,1.0,0.0,Failure to Yield Right-of-Way,Unspecified,,,,Sedan,Bike,,,
03/08/2024,21:21,BROOKLYN,11237,40.709003,-73.92234,FLUSHING AVENUE,SCOTT AVENUE,,1.0,0.0,Driver Inattention/Distraction,Driver Inattention/Distraction,,,,Sedan,Moped,,,
03/06/2024,22:50,MANHATTAN,10001,40.747852,-73.99291,WEST 29 STREET,7 AVENUE,,1.0,0.0,Driver Inattention/Distraction,Unspecified,,,,Station Wagon/Sport Utility Vehicle,Bike,,,
03/04/2024,20:00,BROOKLYN,11211,40.715157,-73.94789,,,321       LEONARD STREET,0.0,0.0,Driver Inattention/Distraction,Unspecified,Unspecified,Unspecified,,Sedan,Station Wagon/Sport Utility Vehicle,Sedan,,
03/07/2024,12:30,BROOKLYN,11230,40.616768,-73.97124,,,406       AVENUE M,0.0,0.0,Driver Inattention/Distraction,Unspecified,,,,Pick-up Truck,Pick-up Truck,,,
03/06/2024,22:59,QUEENS,11373,40.73664,-73.86584,JUNCTION BOULEVARD,57 AVENUE,,1.0,0.0,Driver Inattention/Distraction,,,,,Station Wagon/Sport Utility Vehicle,,,,
03/08/2024,15:45,BRONX,10458,40.862274,-73.89392,,,321       EAST KINGSBRIDGE ROAD,1.0,0.0,Driver Inattention/Distraction,,,,,Motorcycle,Sedan,,,
03/05/2024,8:55,STATEN ISLAND,10306,40.572575,-74.11649,ROSE AVENUE,8 STREET,,0.0,0.0,Driver Inattention/Distraction,Unspecified,,,,Sedan,,,,
03/06/2024,17:00,QUEENS,11354,40.764454,-73.83178,FARRINGTON STREET,35 AVENUE,,0.0,0.0,Following Too Closely,Unspecified,,,,Sedan,,,,
03/08/2024,17:35,MANHATTAN,10036,40.759163,-73.988396,WEST 45 STREET,8 AVENUE,,1.0,0.0,Driver Inattention/Distraction,Unspecified,,,,Bike,,,,
03/08/2024,19:00,BRONX,10457,40.85133,-73.90214,,,269       EAST BURNSIDE AVENUE,1.0,0.0,Other Vehicular,Pedestrian/Bicyclist/Other Pedestrian Error/Confusion,,,,Box Truck,Bike,,,
03/07/2024,9:56,BRONX,10460,40.84221,-73.88227,,,940       EAST 178 STREET,0.0,0.0,Driver Inattention/Distraction,Unspecified,,,,Sedan,Box Truck,,,
03/07/2024,7:20,QUEENS,11427,40.72469,-73.7541,HILLSIDE AVENUE,212 STREET,,1.0,0.0,Following Too Closely,Turning Improperly,,,,Station Wagon/Sport Utility Vehicle,FLATBED,,,
03/08/2024,14:02,BROOKLYN,11232,40.65431,-74.004425,4 AVENUE,36 STREET,,1.0,0.0,Other Vehicular,Driver Inattention/Distraction,Unspecified,,,Sedan,Station Wagon/Sport Utility Vehicle,Sedan,,
03/06/2024,0:00,BRONX,10468,40.859005,-73.9047,,,2285      DAVIDSON AVENUE,1.0,0.0,Driver Inattention/Distraction,Unspecified,,,,Sedan,,,,
03/06/2024,14:30,MANHATTAN,10002,40.71429,-73.99396,ELDRIDGE STREET,DIVISION STREET,,0.0,0.0,Passing Too Closely,Unspecified,,,,Station Wagon/Sport Utility Vehicle,Station Wagon/Sport Utility Vehicle,,,
03/06/2024,2:47,BRONX,10452,40.830345,-73.92328,GERARD AVENUE,EAST 164 STREET,,0.0,0.0,Fell Asleep,Unspecified,Unspecified,,,Station Wagon/Sport Utility Vehicle,Sedan,Sedan,,
03/06/2024,3:05,QUEENS,11103,40.76864,-73.91114,,,24-22     STEINWAY STREET,1.0,0.0,Passing or Lane Usage Improper,Unspecified,,,,Sedan,Garbage or Refuse,,,
03/07/2024,20:30,QUEENS,11419,40.690247,-73.82497,101 AVENUE,120 STREET,,0.0,0.0,Passing or Lane Usage Improper,Alcohol Involvement,Other Vehicular,,,Pick-up Truck,Sedan,Sedan,,
03/06/2024,14:10,BROOKLYN,11225,40.65795,-73.948746,,,351       HAWTHORNE STREET,0.0,0.0,Passing or Lane Usage Improper,Unspecified,,,,Sedan,Sedan,,,
02/25/2024,17:00,BROOKLYN,11212,40.65531,-73.90318,STONE AVENUE,LINDEN BOULEVARD,,0.0,0.0,Alcohol Involvement,Unspecified,,,,Sedan,Station Wagon/Sport Utility Vehicle,,,
03/07/2024,0:00,BRONX,10460,40.85106,-73.88233,EAST 183 STREET,SOUTHERN BOULEVARD,,0.0,0.0,Driver Inattention/Distraction,Unspecified,,,,Sedan,,,,
03/08/2024,1:50,QUEENS,11435,40.7121,-73.81779,,,84-55     MAIN STREET,1.0,0.0,Driver Inattention/Distraction,Unspecified,Unspecified,Unspecified,Unspecified,Station Wagon/Sport Utility Vehicle,Sedan,Sedan,Station Wagon/Sport Utility Vehicle,Sedan
03/08/2024,14:05,QUEENS,11368,40.747684,-73.86295,,,102-13    42 AVENUE,1.0,0.0,Other Vehicular,Unspecified,,,,Tractor Truck Diesel,Sedan,,,
03/06/2024,17:52,QUEENS,11355,40.75539,-73.828285,MAIN STREET,MAPLE AVENUE,,0.0,0.0,Turning Improperly,Unspecified,,,,Carry All,Station Wagon/Sport Utility Vehicle,,,
03/07/2024,20:13,MANHATTAN,10075,40.77143,-73.95335,,,1490      1 AVENUE,1.0,0.0,Driver Inattention/Distraction,Unspecified,,,,Sedan,Bike,,,
03/07/2024,7:50,BROOKLYN,11214,40.58594,-73.98795,,,2819      CROPSEY AVENUE,0.0,0.0,Driver Inattention/Distraction,Unspecified,,,,Station Wagon/Sport Utility Vehicle,Station Wagon/Sport Utility Vehicle,,,
03/30/2024,20:30,QUEENS,11372,40.747692,-73.89381,72 STREET,BROADWAY,,0.0,0.0,Alcohol Involvement,Unspecified,,,,Sedan,Pick-up Truck,,,
03/07/2024,14:00,MANHATTAN,10010,40.737095,-73.984406,,,247       3 AVENUE,0.0,0.0,Reaction to Uninvolved Vehicle,Unspecified,,,,Station Wagon/Sport Utility Vehicle,DELIVERY,,,
03/08/2024,12:13,QUEENS,11420,40.666893,-73.80546,134 STREET,NORTH CONDUIT AVENUE,,1.0,0.0,Failure to Yield Right-of-Way,,,,,Sedan,,,,
03/07/2024,7:30,STATEN ISLAND,10312,40.55464,-74.19477,,,303       HAMPTON GREEN,0.0,0.0,Passing Too Closely,Unspecified,,,,Station Wagon/Sport Utility Vehicle,Commerical,,,
03/07/2024,15:00,BROOKLYN,11221,40.690823,-73.936615,LEWIS AVENUE,VAN BUREN STREET,,0.0,0.0,Driver Inattention/Distraction,Unspecified,,,,Station Wagon/Sport Utility Vehicle,,,,
03/08/2024,8:45,QUEENS,11432,40.70814,-73.79236,,,168-36    90 AVENUE,0.0,0.0,Driver Inattention/Distraction,Unspecified,,,,Station Wagon/Sport Utility Vehicle,,,,
03/07/2024,5:58,BROOKLYN,11226,40.64663,-73.95566,BEDFORD AVENUE,TILDEN AVENUE,,0.0,1.0,Failure to Yield Right-of-Way,,,,,Dump,,,,
03/07/2024,11:05,MANHATTAN,10028,40.777504,-73.954956,EAST 84 STREET,3 AVENUE,,1.0,0.0,Unsafe Lane Changing,Driver Inattention/Distraction,,,,Stand up s,Sedan,,,
03/02/2024,19:20,BRONX,10455,40.816067,-73.91765,3 AVENUE,EAST 149 STREET,,1.0,0.0,Driver Inattention/Distraction,,,,,,,,,
03/08/2024,9:18,BROOKLYN,11221,40.69122,-73.93969,LAFAYETTE AVENUE,MARCUS GARVEY BOULEVARD,,2.0,0.0,Driver Inattention/Distraction,Unspecified,,,,Sedan,Sedan,,,
03/08/2024,7:09,BROOKLYN,11225,40.65678,-73.955475,,,131       WINTHROP STREET,1.0,0.0,Unsafe Speed,Unspecified,Unspecified,,,Dump,Sedan,Sedan,,
03/08/2024,14:20,QUEENS,11354,40.763798,-73.808235,NORTHERN BOULEVARD,157 STREET,,1.0,0.0,Failure to Yield Right-of-Way,,,,,Station Wagon/Sport Utility Vehicle,,,,
03/07/2024,1:47,STATEN ISLAND,10305,40.59841,-74.08393,PARKINSON AVENUE,WINFIELD AVENUE,,0.0,0.0,Passing or Lane Usage Improper,Unspecified,Unspecified,,,Station Wagon/Sport Utility Vehicle,Station Wagon/Sport Utility Vehicle,Station Wagon/Sport Utility Vehicle,,
03/07/2024,17:26,BRONX,10458,40.86818,-73.88795,,,312       EAST 198 STREET,1.0,0.0,Passing Too Closely,Unspecified,,,,Station Wagon/Sport Utility Vehicle,Station Wagon/Sport Utility Vehicle,,,
03/07/2024,16:01,QUEENS,11377,40.75409,-73.90858,,,50-10     BROADWAY,1.0,0.0,Driver Inattention/Distraction,Unspecified,,,,Pick-up Truck,Pick-up Truck,,,
03/05/2024,5:03,BROOKLYN,11230,40.626568,-73.970924,OCEAN PARKWAY,AVENUE I,,2.0,0.0,Failure to Yield Right-of-Way,Failure to Yield Right-of-Way,,,,Sedan,Sedan,,,
03/06/2024,19:45,BROOKLYN,11212,40.657207,-73.9003,JUNIUS STREET,LINDEN BOULEVARD,,1.0,0.0,Driver Inattention/Distraction,Unspecified,,,,Sedan,Sedan,,,
03/08/2024,14:56,BRONX,10451,40.82755,-73.91847,EAST 163 STREET,GRANT AVENUE,,1.0,0.0,Failure to Yield Right-of-Way,,,,,Station Wagon/Sport Utility Vehicle,,,,
03/06/2024,12:45,STATEN ISLAND,10312,40.553314,-74.1634,GENESEE AVENUE,CORTELYOU AVENUE,,0.0,0.0,Driver Inattention/Distraction,Unspecified,,,,Station Wagon/Sport Utility Vehicle,Station Wagon/Sport Utility Vehicle,,,
03/07/2024,10:39,BROOKLYN,11221,40.689217,-73.917656,PUTNAM AVENUE,BUSHWICK AVENUE,,2.0,0.0,Driver Inattention/Distraction,Unspecified,,,,Sedan,Sedan,,,
03/06/2024,22:15,QUEENS,11372,40.75487,-73.891884,75 STREET,NORTHERN BOULEVARD,,0.0,0.0,Illnes,,,,,Station Wagon/Sport Utility Vehicle,,,,
03/06/2024,9:46,BRONX,10452,40.846455,-73.91686,GRAND AVENUE,MACOMBS ROAD,,1.0,0.0,Driver Inexperience,,,,,Sedan,,,,
03/08/2024,16:30,BRONX,10460,40.84054,-73.87058,ADAMS STREET,VANNEST AVENUE,,1.0,0.0,Backing Unsafely,,,,,Station Wagon/Sport Utility Vehicle,,,,
03/05/2024,11:05,BROOKLYN,11237,40.707684,-73.92886,,,89        PORTER AVENUE,0.0,0.0,Oversized Vehicle,,,,,Box Truck,,,,
03/06/2024,23:30,QUEENS,11354,40.766403,-73.8153,150 STREET,35 AVENUE,,0.0,0.0,Pavement Slippery,,,,,Station Wagon/Sport Utility Vehicle,,,,
03/06/2024,22:35,BRONX,10466,40.892277,-73.84647,,,1846      EDENWALD AVENUE,3.0,0.0,Following Too Closely,Unspecified,,,,Station Wagon/Sport Utility Vehicle,,,,
03/05/2024,23:00,BROOKLYN,11235,40.589325,-73.93202,,,2648      KNAPP STREET,1.0,0.0,Driver Inexperience,Other Vehicular,,,,Sedan,Pick-up Truck,,,
03/08/2024,7:50,QUEENS,11435,40.69521,-73.8075,101 AVENUE,ALLENDALE STREET,,1.0,0.0,Failure to Yield Right-of-Way,,,,,Station Wagon/Sport Utility Vehicle,,,,
03/02/2024,5:56,QUEENS,11373,40.74434,-73.88598,,,79-00     BROADWAY,0.0,0.0,Driver Inattention/Distraction,,,,,Sedan,,,,
03/08/2024,13:00,BROOKLYN,11226,40.64934,-73.96331,,,1720      CHURCH AVENUE,1.0,0.0,Driver Inattention/Distraction,Passing Too Closely,,,,Station Wagon/Sport Utility Vehicle,E-Bike,,,
03/02/2024,12:45,BROOKLYN,11236,40.64024,-73.91947,RALPH AVENUE,FOSTER AVENUE,,0.0,0.0,Turning Improperly,,,,,E-Bike,,,,
03/08/2024,19:40,QUEENS,11377,40.760983,-73.90487,,,28-42     56 PLACE,0.0,0.0,Backing Unsafely,Unspecified,,,,Station Wagon/Sport Utility Vehicle,Station Wagon/Sport Utility Vehicle,,,
03/08/2024,16:00,MANHATTAN,10128,40.787224,-73.95417,EAST 96 STREET,MADISON AVENUE,,2.0,0.0,Driver Inattention/Distraction,,,,,Station Wagon/Sport Utility Vehicle,,,,
03/08/2024,8:58,BROOKLYN,11228,40.611244,-74.01088,,,25        BAY 8 STREET,0.0,0.0,Driver Inattention/Distraction,Unspecified,,,,Station Wagon/Sport Utility Vehicle,Station Wagon/Sport Utility Vehicle,,,
03/07/2024,9:10,BROOKLYN,11215,40.659794,-73.98088,WINDSOR PLACE,PROSPECT PARK WEST,,1.0,0.0,Following Too Closely,,,,,Bus,,,,
03/06/2024,18:50,MANHATTAN,10022,40.759586,-73.968056,EAST 56 STREET,3 AVENUE,,1.0,0.0,Driver Inattention/Distraction,,,,,Sedan,,,,
03/08/2024,16:50,MANHATTAN,10024,40.785294,-73.969345,WEST 86 STREET,CENTRAL PARK WEST,,1.0,0.0,Other Vehicular,Failure to Yield Right-of-Way,,,,E-Scooter,,,,
03/06/2024,7:50,MANHATTAN,10029,40.796215,-73.94969,5 AVENUE,EAST 109 STREET,,0.0,0.0,Following Too Closely,Unspecified,,,,Sedan,Station Wagon/Sport Utility Vehicle,,,
03/07/2024,21:10,BRONX,10473,40.819,-73.86432,SAINT LAWRENCE AVENUE,SEWARD AVENUE,,2.0,0.0,Traffic Control Disregarded,Unspecified,,,,Station Wagon/Sport Utility Vehicle,Sedan,,,
03/06/2024,20:00,MANHATTAN,10016,40.74494,-73.97423,,,330       EAST 35 STREET,0.0,0.0,Driver Inattention/Distraction,Unspecified,,,,Sedan,Sedan,,,
03/06/2024,8:50,BROOKLYN,11234,40.607178,-73.92231,AVENUE V,COLEMAN STREET,,0.0,0.0,Backing Unsafely,Unspecified,,,,Dump,,,,
03/07/2024,8:50,QUEENS,11358,40.759445,-73.78964,192 STREET,42 AVENUE,,0.0,0.0,Driver Inattention/Distraction,Unspecified,,,,Station Wagon/Sport Utility Vehicle,,,,
03/07/2024,11:25,BRONX,10461,40.855854,-73.85555,,,2118      WILLIAMSBRIDGE ROAD,0.0,0.0,Passing Too Closely,Unspecified,,,,Station Wagon/Sport Utility Vehicle,Station Wagon/Sport Utility Vehicle,,,
03/08/2024,10:00,QUEENS,11377,40.745594,-73.9034,ROOSEVELT AVENUE,61 STREET,,3.0,0.0,Driver Inattention/Distraction,Driver Inattention/Distraction,,,,Van,Station Wagon/Sport Utility Vehicle,,,
03/06/2024,16:10,BROOKLYN,11211,40.7111,-73.94964,,,547       GRAND STREET,0.0,0.0,Unsafe Speed,Unspecified,,,,Sedan,Pick-up Truck,,,
03/07/2024,19:19,MANHATTAN,10027,40.81121,-73.9504,,,2360      8 AVENUE,1.0,0.0,Driver Inexperience,Passing Too Closely,,,,Station Wagon/Sport Utility Vehicle,Bike,,,
03/05/2024,16:45,BROOKLYN,11211,40.71127,-73.94774,,,612       GRAND STREET,0.0,0.0,Pedestrian/Bicyclist/Other Pedestrian Error/Confusion,Pedestrian/Bicyclist/Other Pedestrian Error/Confusion,,,,Station Wagon/Sport Utility Vehicle,Bike,,,
03/07/2024,17:50,QUEENS,11358,40.758656,-73.808014,,,43-24     158 STREET,1.0,0.0,Brakes Defective,,,,,Station Wagon/Sport Utility Vehicle,,,,
03/07/2024,10:25,STATEN ISLAND,10312,40.5604,-74.16977,,,3231      RICHMOND AVENUE,0.0,0.0,Passing or Lane Usage Improper,Unspecified,,,,Sedan,Tractor Truck Gasoline,,,
03/06/2024,16:05,BROOKLYN,11213,40.67132,-73.9281,ROCHESTER AVENUE,STERLING PLACE,,0.0,0.0,Driver Inattention/Distraction,Driver Inattention/Distraction,,,,Sedan,Station Wagon/Sport Utility Vehicle,,,
03/07/2024,15:30,STATEN ISLAND,10301,40.639202,-74.07639,,,100       CENTRAL AVENUE,0.0,0.0,Driver Inattention/Distraction,,,,,Sedan,,,,
03/06/2024,17:45,QUEENS,11419,40.68442,-73.82309,,,119-06    107 AVENUE,1.0,0.0,Backing Unsafely,Unspecified,,,,Sedan,Sedan,,,
03/07/2024,13:08,BROOKLYN,11209,40.62214,-74.02567,85 STREET,5 AVENUE,,1.0,0.0,Failure to Yield Right-of-Way,,,,,Sedan,,,,
03/07/2024,7:44,QUEENS,11102,40.768982,-73.931,,,14-14     30 DRIVE,0.0,0.0,Passing Too Closely,Unspecified,,,,Station Wagon/Sport Utility Vehicle,Sedan,,,
03/08/2024,22:36,MANHATTAN,10024,40.79124,-73.9794,RIVERSIDE DRIVE,WEST 88 STREET,,0.0,0.0,Driver Inattention/Distraction,Unsafe Speed,,,,Sedan,Bike,,,
03/05/2024,19:57,BROOKLYN,11206,40.704624,-73.93503,WHITE STREET,MOORE STREET,,0.0,0.0,View Obstructed/Limited,Unspecified,,,,Sedan,Box Truck,,,
03/04/2024,14:00,QUEENS,11414,40.670116,-73.84597,,,87-10     149 AVENUE,0.0,0.0,Passing or Lane Usage Improper,Unspecified,,,,Sedan,,,,
03/07/2024,20:45,BRONX,10462,40.834,-73.84836,,,1268      HAVEMEYER AVENUE,1.0,0.0,,,,,,,,,,
03/07/2024,11:26,MANHATTAN,10018,40.758976,-73.99394,WEST 42 STREET,DYER AVENUE,,0.0,0.0,Turning Improperly,Unspecified,,,,Station Wagon/Sport Utility Vehicle,E-Bike,,,
03/06/2024,14:00,QUEENS,11415,40.706818,-73.830894,,,84-25     ABINGDON ROAD,0.0,0.0,Passing Too Closely,Unspecified,,,,Sedan,,,,
03/08/2024,13:00,QUEENS,11374,40.728516,-73.87244,,,85-29     ELIOT AVENUE,0.0,0.0,Turning Improperly,Unspecified,,,,Pick-up Truck,Station Wagon/Sport Utility Vehicle,,,
03/06/2024,0:00,BRONX,10466,40.891838,-73.86275,EAST 229 STREET,BRONX BOULEVARD,,1.0,0.0,Other Vehicular,Unspecified,,,,Sedan,Sedan,,,
03/05/2024,17:00,QUEENS,11435,40.700138,-73.81185,,,91-01     139 STREET,0.0,0.0,Passing Too Closely,Unspecified,,,,Pick-up Truck,,,,
03/08/2024,5:14,QUEENS,11377,40.7597,-73.90091,,,62-57     30 AVENUE,2.0,0.0,Traffic Control Disregarded,Unspecified,,,,Sedan,Station Wagon/Sport Utility Vehicle,,,
03/07/2024,8:06,QUEENS,11435,40.704403,-73.814445,139 STREET,HILLSIDE AVENUE,,2.0,0.0,Failure to Yield Right-of-Way,Unspecified,,,,Sedan,Sedan,,,
03/06/2024,10:40,QUEENS,11434,40.66675,-73.779945,ROCKAWAY BOULEVARD,SOUTH CONDUIT AVENUE,,0.0,0.0,Following Too Closely,Unspecified,,,,Sedan,,,,
03/06/2024,17:54,BRONX,10466,40.887672,-73.84705,EAST 230 STREET,LACONIA AVENUE,,2.0,0.0,Failure to Yield Right-of-Way,,,,,Station Wagon/Sport Utility Vehicle,,,,
03/07/2024,4:57,BROOKLYN,11230,40.624332,-73.96911,EAST 7 STREET,AVENUE J,,0.0,0.0,Traffic Control Disregarded,Unspecified,,,,Station Wagon/Sport Utility Vehicle,Station Wagon/Sport Utility Vehicle,,,
03/06/2024,22:06,MANHATTAN,10029,40.79293,-73.94791,EAST 106 STREET,PARK AVENUE,,0.0,0.0,Traffic Control Disregarded,Unspecified,,,,Station Wagon/Sport Utility Vehicle,Bike,,,
03/06/2024,18:03,BROOKLYN,11234,40.61895,-73.92689,AVENUE N,UTICA AVENUE,,1.0,0.0,Driver Inattention/Distraction,,,,,Station Wagon/Sport Utility Vehicle,,,,
03/07/2024,17:33,QUEENS,11434,40.66705,-73.77417,SOUTH CONDUIT AVENUE,176 STREET,,1.0,0.0,Following Too Closely,Unspecified,,,,Station Wagon/Sport Utility Vehicle,Sedan,,,
03/07/2024,7:20,BROOKLYN,11206,40.705376,-73.94846,,,18        BOERUM STREET,0.0,0.0,Backing Unsafely,Unspecified,,,,ALL TERRAI,Sedan,,,
03/06/2024,5:00,QUEENS,11101,40.738693,-73.940926,BORDEN AVENUE,REVIEW AVENUE,,1.0,0.0,Driver Inattention/Distraction,Unspecified,,,,Sedan,Station Wagon/Sport Utility Vehicle,,,
03/02/2024,4:00,MANHATTAN,10001,40.747894,-73.989174,WEST 31 STREET,AVENUE OF THE AMERICAS,,1.0,0.0,Failure to Yield Right-of-Way,Unspecified,,,,Sedan,E-Bike,,,
03/05/2024,13:22,BROOKLYN,11222,40.72484,-73.93677,VAN DAM STREET,MEEKER AVENUE,,0.0,0.0,Brakes Defective,Unspecified,,,,Sedan,Sedan,,,
03/08/2024,11:50,BROOKLYN,11230,40.625744,-73.96339,,,975       EAST 13 STREET,0.0,0.0,Oversized Vehicle,Unspecified,,,,Sedan,Box Truck,,,
03/08/2024,6:00,QUEENS,11426,40.72604,-73.71829,JAMAICA AVENUE,COMMONWEALTH BOULEVARD,,0.0,0.0,Following Too Closely,Unspecified,,,,Sedan,Sedan,,,
03/03/2024,11:12,MANHATTAN,10032,40.838684,-73.940216,,,540       WEST 165 STREET,0.0,0.0,Backing Unsafely,Unspecified,,,,Sedan,Sedan,,,
03/06/2024,17:50,BRONX,10451,40.825577,-73.918465,EAST 161 STREET,MORRIS AVENUE,,0.0,0.0,Passing or Lane Usage Improper,Unspecified,,,,Sedan,Station Wagon/Sport Utility Vehicle,,,
03/07/2024,10:40,BRONX,10460,40.83789,-73.88747,,,1789      SOUTHERN BOULEVARD,1.0,0.0,Pavement Slippery,Unspecified,,,,Motorscooter,,,,
03/06/2024,8:30,MANHATTAN,10038,40.709522,-74.00167,PEARL STREET,FRANKFORT STREET,,1.0,0.0,Following Too Closely,Unspecified,,,,Bus,Bike,,,
03/07/2024,10:09,BROOKLYN,11217,40.683514,-73.97596,ATLANTIC AVENUE,FORT GREENE PLACE,,0.0,0.0,Driver Inattention/Distraction,Unspecified,Unspecified,,,Box Truck,Station Wagon/Sport Utility Vehicle,Station Wagon/Sport Utility Vehicle,,
03/08/2024,0:00,QUEENS,11436,40.66883,-73.793655,133 AVENUE,INWOOD STREET,,3.0,0.0,Failure to Yield Right-of-Way,Unsafe Speed,,,,Sedan,Sedan,,,
03/08/2024,12:30,QUEENS,11372,40.74662,-73.89359,ROOSEVELT AVENUE,72 STREET,,1.0,0.0,Driver Inattention/Distraction,Unspecified,,,,Station Wagon/Sport Utility Vehicle,Bike,,,
03/06/2024,17:26,BROOKLYN,11228,40.607655,-74.01703,CROPSEY AVENUE,14 AVENUE,,6.0,0.0,Failure to Yield Right-of-Way,Unspecified,,,,Station Wagon/Sport Utility Vehicle,Station Wagon/Sport Utility Vehicle,,,
03/01/2024,8:07,BRONX,10460,40.83998,-73.88224,,,1932      BRYANT AVENUE,0.0,0.0,Driver Inattention/Distraction,Unspecified,,,,Sedan,Bus,,,
03/08/2024,15:25,MANHATTAN,10038,40.709576,-73.99635,,,10        CATHERINE SLIP,0.0,0.0,Passing Too Closely,Unspecified,,,,Sedan,Sedan,,,
03/02/2024,13:19,STATEN ISLAND,10305,40.614597,-74.06512,,,44        HYLAN BOULEVARD,0.0,0.0,Driver Inattention/Distraction,Unspecified,,,,Station Wagon/Sport Utility Vehicle,Van,,,
03/07/2024,0:00,QUEENS,11355,40.75372,-73.83283,COLLEGE POINT BOULEVARD,MAPLE AVENUE,,0.0,0.0,Failure to Yield Right-of-Way,Unsafe Speed,,,,Station Wagon/Sport Utility Vehicle,Sedan,,,
03/06/2024,13:52,BROOKLYN,11206,40.699036,-73.9389,PARK STREET,BROADWAY,,0.0,0.0,Driver Inattention/Distraction,Unspecified,,,,Dump,Sedan,,,
03/06/2024,10:54,BRONX,10458,40.855343,-73.88714,,,613       EAST 187 STREET,0.0,0.0,Driver Inattention/Distraction,Unspecified,,,,Station Wagon/Sport Utility Vehicle,,,,
03/06/2024,7:01,QUEENS,11369,40.76376,-73.87968,,,89-15     ASTORIA BOULEVARD,0.0,0.0,Driver Inattention/Distraction,Unspecified,,,,Sedan,Sedan,,,
03/08/2024,8:26,BROOKLYN,11203,40.64632,-73.92981,BEVERLEY ROAD,UTICA AVENUE,,3.0,0.0,Traffic Control Disregarded,Unspecified,Unspecified,Unspecified,,Sedan,Taxi,Sedan,Sedan,
03/06/2024,6:47,BRONX,10466,40.89487,-73.85657,EAST 235 STREET,WHITE PLAINS ROAD,,0.0,0.0,Passing Too Closely,Other Vehicular,,,,Bus,Pick-up Truck,,,
03/08/2024,20:48,QUEENS,11364,40.74404,-73.75124,,,69-40     224 STREET,0.0,0.0,Passing Too Closely,Unspecified,,,,Station Wagon/Sport Utility Vehicle,Van,,,
03/06/2024,8:35,BROOKLYN,11229,40.605698,-73.95866,EAST 14 STREET,AVENUE R,,1.0,0.0,Pedestrian/Bicyclist/Other Pedestrian Error/Confusion,Unspecified,,,,Bike,,,,
03/08/2024,12:33,BROOKLYN,11229,40.596607,-73.95089,GRAVESEND NECK ROAD,OCEAN AVENUE,,0.0,0.0,Aggressive Driving/Road Rage,Unspecified,,,,Sedan,,,,
03/08/2024,9:36,MANHATTAN,10128,40.78534,-73.94971,,,166       EAST 96 STREET,0.0,0.0,Driver Inexperience,Unspecified,,,,Sedan,Station Wagon/Sport Utility Vehicle,,,
03/08/2024,11:27,BROOKLYN,11207,40.680664,-73.902626,BUSHWICK AVENUE,CONWAY STREET,,2.0,0.0,Pedestrian/Bicyclist/Other Pedestrian Error/Confusion,,,,,Sedan,,,,
03/06/2024,21:15,BROOKLYN,11205,40.687748,-73.96979,CLERMONT AVENUE,LAFAYETTE AVENUE,,1.0,0.0,Driver Inattention/Distraction,View Obstructed/Limited,,,,Station Wagon/Sport Utility Vehicle,MOPED,,,
03/07/2024,11:06,BROOKLYN,11217,40.686928,-73.98484,ATLANTIC AVENUE,BOND STREET,,0.0,0.0,Driver Inattention/Distraction,Unspecified,Unspecified,,,Tractor Truck Diesel,Station Wagon/Sport Utility Vehicle,Sedan,,
03/06/2024,11:16,BRONX,10461,40.855022,-73.8414,STILLWELL AVENUE,MCDONALD STREET,,0.0,0.0,Oversized Vehicle,Other Vehicular,,,,Truck,Station Wagon/Sport Utility Vehicle,,,
03/08/2024,16:37,QUEENS,11422,40.662663,-73.74088,,,240-09    WELLER AVENUE,0.0,0.0,Backing Unsafely,,,,,Sedan,,,,
03/07/2024,23:21,QUEENS,11434,40.667522,-73.78063,ROCKAWAY BOULEVARD,NORTH CONDUIT AVENUE,,0.0,0.0,Following Too Closely,Unspecified,,,,Station Wagon/Sport Utility Vehicle,Station Wagon/Sport Utility Vehicle,,,
03/08/2024,10:40,QUEENS,11368,40.754917,-73.86427,35 AVENUE,104 STREET,,1.0,0.0,Traffic Control Disregarded,Following Too Closely,,,,Bike,Box Truck,,,
03/07/2024,13:59,BROOKLYN,11211,40.71337,-73.934814,MORGAN AVENUE,GRAND STREET,,0.0,0.0,Passing or Lane Usage Improper,Unspecified,,,,Sedan,Moped,,,
03/07/2024,7:35,MANHATTAN,10029,40.788586,-73.95529,EAST 97 STREET,5 AVENUE,,0.0,0.0,Unsafe Lane Changing,Unspecified,,,,Sedan,Bus,,,
03/07/2024,6:00,QUEENS,11377,40.749184,-73.90059,62 STREET,37 AVENUE,,1.0,0.0,Failure to Yield Right-of-Way,Unspecified,,,,Station Wagon/Sport Utility Vehicle,E-Scooter,,,
03/03/2024,11:30,QUEENS,11103,40.755978,-73.913704,,,32-15     47 STREET,0.0,0.0,Following Too Closely,Backing Unsafely,,,,Sedan,Station Wagon/Sport Utility Vehicle,,,
03/08/2024,20:38,QUEENS,11358,40.75868,-73.803276,43 AVENUE,163 STREET,,1.0,0.0,Pedestrian/Bicyclist/Other Pedestrian Error/Confusion,Failure to Yield Right-of-Way,,,,Station Wagon/Sport Utility Vehicle,Bike,,,
03/06/2024,15:15,BRONX,10462,40.83029,-73.850655,CROSS BRONX EXPRESSWAY,CASTLE HILL AVENUE,,0.0,0.0,Driverless/Runaway Vehicle,Unspecified,,,,Station Wagon/Sport Utility Vehicle,Station Wagon/Sport Utility Vehicle,,,
03/07/2024,8:50,QUEENS,11369,40.76803,-73.87722,93 STREET,23 AVENUE,,1.0,0.0,Driver Inattention/Distraction,Driver Inattention/Distraction,Unspecified,,,Station Wagon/Sport Utility Vehicle,Sedan,Taxi,,
03/07/2024,13:10,BRONX,10454,40.806126,-73.92186,,,439       EAST 135 STREET,0.0,0.0,Unsafe Lane Changing,Unspecified,,,,Tractor Truck Diesel,Sedan,,,
02/29/2024,23:00,BROOKLYN,11211,40.714077,-73.954216,,,427       METROPOLITAN AVENUE,0.0,0.0,Passing or Lane Usage Improper,Unspecified,,,,Sedan,Sedan,,,
03/07/2024,2:20,BROOKLYN,11211,40.71196,-73.9407,GRAND STREET,BUSHWICK AVENUE,,1.0,0.0,Failure to Yield Right-of-Way,,,,,Sedan,,,,
03/06/2024,5:49,BROOKLYN,11219,40.63111,-73.99167,,,1417      53 STREET,0.0,0.0,Pedestrian/Bicyclist/Other Pedestrian Error/Confusion,Unspecified,Unspecified,Unspecified,Unspecified,Bus,Station Wagon/Sport Utility Vehicle,Bus,Station Wagon/Sport Utility Vehicle,Sedan
03/23/2024,2:40,QUEENS,11411,40.690735,-73.74445,120 AVENUE,218 STREET,,0.0,0.0,Fell Asleep,Unspecified,Unspecified,,,Sedan,Sedan,Sedan,,
03/01/2024,0:27,BROOKLYN,11249,40.714287,-73.96515,WYTHE AVENUE,SOUTH 2 STREET,,0.0,0.0,Passing Too Closely,Unspecified,,,,Station Wagon/Sport Utility Vehicle,,,,
03/06/2024,14:50,MANHATTAN,10002,40.71908,-73.98508,CLINTON STREET,RIVINGTON STREET,,1.0,0.0,Driver Inattention/Distraction,,,,,Convertible,,,,
03/08/2024,18:40,MANHATTAN,10032,40.832764,-73.94583,WEST 155 STREET,BROADWAY,,1.0,0.0,Driver Inattention/Distraction,,,,,,,,,
03/06/2024,16:35,BRONX,10472,40.831642,-73.876076,EAST 172 STREET,STRATFORD AVENUE,,1.0,0.0,Outside Car Distraction,,,,,Sedan,,,,
02/23/2024,16:13,BROOKLYN,11212,40.665493,-73.92137,SUTTER AVENUE,UNION STREET,,0.0,0.0,Failure to Yield Right-of-Way,Unspecified,,,,Sedan,E-Bike,,,
03/06/2024,16:43,BROOKLYN,11234,40.616547,-73.92764,AVENUE O,EAST 49 STREET,,1.0,0.0,Driver Inattention/Distraction,Failure to Yield Right-of-Way,,,,Sedan,Station Wagon/Sport Utility Vehicle,,,
03/06/2024,18:59,BROOKLYN,11210,40.63426,-73.94372,,,3411      GLENWOOD ROAD,0.0,0.0,Reaction to Uninvolved Vehicle,Unspecified,Unspecified,,,Sedan,Convertible,Convertible,,
03/05/2024,8:58,BRONX,10466,40.88974,-73.84591,EAST 233 STREET,LACONIA AVENUE,,1.0,0.0,Driver Inattention/Distraction,Unspecified,,,,Sedan,Tractor Truck Diesel,,,
03/06/2024,22:00,BRONX,10468,40.862717,-73.9023,WEST FORDHAM ROAD,DAVIDSON AVENUE,,0.0,0.0,Driver Inattention/Distraction,Driver Inattention/Distraction,,,,Sedan,Sedan,,,
03/08/2024,16:45,BROOKLYN,11211,40.719242,-73.927025,,,340       MASPETH AVENUE,0.0,0.0,Backing Unsafely,Unspecified,,,,Station Wagon/Sport Utility Vehicle,Pick-up Truck,,,
03/08/2024,20:26,STATEN ISLAND,10301,40.64469,-74.07704,,,78        RICHMOND TERRACE,2.0,0.0,Driver Inattention/Distraction,Unspecified,,,,Sedan,Sedan,,,
03/04/2024,17:30,BROOKLYN,11238,40.681137,-73.95567,FULTON STREET,FRANKLIN AVENUE,,0.0,0.0,Turning Improperly,Unspecified,,,,E-Scooter,Station Wagon/Sport Utility Vehicle,,,
03/08/2024,19:17,QUEENS,11106,40.762825,-73.93398,34 AVENUE,21 STREET,,1.0,0.0,Turning Improperly,Unspecified,,,,Motorscooter,,,,
03/06/2024,20:00,MANHATTAN,10002,40.718056,-73.98753,,,64        NORFOLK STREET,1.0,0.0,Driver Inattention/Distraction,Unspecified,,,,Sedan,Sedan,,,
03/06/2024,15:43,BROOKLYN,11206,40.69897,-73.95702,FLUSHING AVENUE,BEDFORD AVENUE,,1.0,0.0,Following Too Closely,Unspecified,,,,Taxi,Sedan,,,
02/14/2024,15:30,BROOKLYN,11223,40.597477,-73.96871,EAST 3 STREET,AVENUE U,,0.0,0.0,Turning Improperly,Unspecified,,,,Station Wagon/Sport Utility Vehicle,Sedan,,,
03/08/2024,17:15,BROOKLYN,11201,40.695274,-73.99609,,,84        MONTAGUE STREET,0.0,0.0,Passing or Lane Usage Improper,Unspecified,,,,Sedan,,,,
03/08/2024,13:47,QUEENS,11102,40.769638,-73.918564,,,25-49     31 STREET,1.0,0.0,Following Too Closely,Unspecified,,,,School bus,Sedan,,,
